year,value
2015,
2020,
2025,0.026189906
2030,0.026189906
2035,0.026189906
2040,0.026189906
2045,0.026189906
2050,0.026189906